横,财,局,中,局
宠,爱
格,兰,德,岛
白,头,山
半,个,喜,剧
盲,舞
恶,霸,警,察
犯,罪,现,场
邻,里,的,人,们
睡,梦,医,生
江,湖,儿,女
虎,胆,杀,机
豆,瓣,2,0,1,9,电,影,排,行,榜
彼,岸,之,嫁
科,比,的,缪,斯
爱,回,家,之,开,心,速,递
仁,医,[,第,三,季,1,3,]
新,教,宗,[,第,一,季,0,6,]
奥,斯,曼,帝,国,的,崛,起,[,第,一,季,全,]
这,个,男,人,是,我,人,生,最,大,的,错,误
局,外,人,[,第,一,季,0,4,]
大,道,五,号,[,第,一,季,0,2,]
无,耻,家,庭,[,第,十,季,全,]
绿,箭,[,第,八,季,全,]
大,酱,园
黄,金,有,罪
将,夜,2
锦,衣,之,下
新,绝,代,双,骄
爱,情,公,寓,5
横,财,局,中,局
半,个,喜,剧
笑,傲,神,探
泰,�,�,[,高,清,]
人,在,�,逋,�,[,高,清,]
�,迓,�
亲,密,旅,行
两,只,老,虎
救,火,奶,爸
三,傻,大,闹,宝,莱,坞,[,高
醉,酒,夫,妻
飞,驰,人,生
白,烂,贱,客,2
山,海,战,纪,之,狂,兽,逆
杀,手,没,有,假,期,[,高,清
格,兰,德,岛
白,头,山
邻,里,的,人,们
虎,胆,杀,机
特,警,队
九,指,神,丐
云,南,虫,谷,之,献,王,传
毒,战,生,死,线,2
毒,战,生,死,线
狄,仁,杰,探,案
洛,城,夜,巡
狄,仁,杰,之,鬼,影,血,手
魔,法,禁,界
挑,灯,斩,蛇,录
降,魔,大,师
只,有,芸,知,道
幸,福,岛,味,道
飞,行,模,式
我,要,嫁,到,国,外
去,年,圣,诞
七,剑,下,天,山,之,七,情
爱,之,痕
杀,手,寓,言
仕,女,图
大,约,在,冬,季
一,生,有,你,2,0,1,9
桃,源
七,月,之,后
爱,在,零,纬,度
我,的,拳,王,男,友
睡,梦,医,生
美,杜,莎,之,吻
倒,忌,时
僵,尸,之,地,[,高,清,]
骨,瓷
堕,落,2,0,1,9
大,蛇,2
阿,米,蒂,维,尔,谋,杀,案
乌,龙,恶,棍
三,层,楼,的,女,孩
缉,魔
狂,犬,病,2,0,1,9
绞,刑,架,2,：,二,次,行,刑
0,.,0,兆,赫
阴,曹,使,者
僵,尸,世,界,大,战,[,高,清
传,染,病,[,高,清,]
掠,夺,者,2,0,1,9
终,结,者,6,：,黑,暗,命,运
星,球,大,战,9,：,天,行,者
心,愿,房,间
双,子,杀,手
星,际,探,索
最,后,一,个,男,孩
知,我,者
8,号,警,报
天,空,中,的,露,西
海,市,蜃,楼
小,小,乔
怪,胎
1,9,1,7
打,过,长,江,去
阿,基,米,德,大,战
长,沙,里,：,被,遗,忘,的
决,战,中,途,岛
古,田,军,号
危,机,：,龙,潭,之,战
中,途,岛,之,战,[,高,清,]
王,者,天,下
珍,珠,港,[,高,清,]
无,畏,：,中,途,岛,之,战
致,命,狙,杀
凤,梧,洞,战,斗
信,使,2,0,1,9
凯,萨,里
科,比,的,缪,斯
流,行,病,：,如,何,预,防
走,进,比,尔,:,解,码,比,尔
我,是,保,罗,沃,克
昆,汀,塔,伦,蒂,诺,的,2,1
七,个,世,界,，,一,个,星
水,墨
英,雄,联,盟,：,起,源
列,侬,和,洋,子,：,仅,限
大,象,女,王
喷,火
帕,瓦,罗,蒂
帆,船,少,女,号
光,照,派
美,国,工,厂
宠,爱
盲,舞
恶,霸,警,察
犯,罪,现,场
江,湖,儿,女
豆,瓣,2,0,1,9,电,影,排,行
彼,岸,之,嫁
龟,兔,赛,跑
大,天,蓬
谎,言,大,师
阳,光,普,照
帕,皮,卡
流,感
吹,哨,人
特,警,使,命,之,全,城,危
斗,罗,大,陆,动,画,版
白,蛇,：,缘,起
动,物,特,工,局
冰,雪,奇,缘,2
天,池,水,怪
雪,人,奇,缘
亚,当,斯,一,家
美,食,大,冒,险,之,英,雄
萌,宠,特,工,队
航,海,王,：,狂,热,行,动
蜡,笔,小,新,剧,场,版,：
老,虎,来,喝,下,午,茶
哆,啦,A,梦,：,大,雄,的,月
三,傻,闹,地,球
妖,怪,手,表,：,永,远,的
爱,回,家,之,开,心,速,递
大,酱,园
黄,金,有,罪
将,夜,2
锦,衣,之,下
新,绝,代,双,骄
爱,情,公,寓,5
新,世,界,2,0,2,0
俗,女,养,成,记,[,全,集,]
大,明,风,华,[,全,集,]
三,生,三,世,枕,上,书
梦,回,[,全,集,]
红,色,[,全,集,]
丫,鬟,大,联,盟,[,全,集,]
精,英,律,师,[,全,集,]
这,个,男,人,是,我,人,生
9,9,亿,的,女,人,[,全,集,]
爱,的,迫,降
黑,色,五,叶,草
巧,克,力,韩,剧
V,I,P,[,全,集,]
辅,佐,官,2,：,改,变,世,界
抓,住,幽,灵,[,全,集,]
S,i,g,n,a,l,[,全,集,]
他,人,即,地,狱,[,全,集,]
鲁,邦,之,女,[,全,集,]
法,医,朝,颜,[,全,集,]
阿,斯,达,年,代,记,[,全,集
风,平,浪,静,的,闲,暇,[,全
当,恶,魔,呼,喊,你,的,名
仁,医,[,第,三,季,1,3,]
新,教,宗,[,第,一,季,0,6,]
奥,斯,曼,帝,国,的,崛,起
局,外,人,[,第,一,季,0,4,]
大,道,五,号,[,第,一,季,0
无,耻,家,庭,[,第,十,季,全
绿,箭,[,第,八,季,全,]
星,际,迷,航,：,皮,卡,德
黑,色,童,话,[,第,二,季,0
灵,异,女,仆,[,第,一,季,全
迷,失,太,空,[,第,二,季,全
6,8,W,[,第,一,季,0,2,]
维,京,传,奇,[,第,六,季,0
蝙,蝠,女,侠,[,第,一,季,1
浪,子,神,探,[,第,一,季,1
阿,拉,丁,真,人,版,[,左,右
哥,斯,拉,2,：,怪,兽,之,王
女,王,的,柯,基,[,左,右,3
蜘,蛛,侠,：,英,雄,远,征
张,学,友,1,/,2,世,纪,演,唱
雷,霆,沙,赞,[,左,右,3,D,版
小,飞,象,真,人,版,[,左,右
阿,丽,塔,：,战,斗,天,使
大,侦,探,皮,卡,丘,[,左,右
复,仇,者,联,盟,4,：,终,局
碟,中,谍,6,：,全,面,瓦,解
地,球,最,后,的,夜,晚,[,左
绿,毛,怪,格,林,奇,[,左,右
毒,液,：,致,命,守,护,者
雪,怪,大,冒,险,[,左,右,3
德,云,社,己,亥,年,封,箱
b,i,l,i,b,i,l,i,晚,会,二,零
第,2,8,届,金,鸡,奖,颁,奖
周,杰,伦,2,0,1,6,地,表,最
陈,情,令,国,风,音,乐,演
L,.,O,.,V,.,E, ,i,s, ,L,.,I,.,F
国,庆,7,0,周,年,阅,兵
2,0,1,9,年,美,国,公,告,牌
第,9,1,届,奥,斯,卡,颁,奖
2,0,1,9,广,东,卫,视,春,晚
2,0,1,9,北,京,卫,视,春,晚
2,0,1,9,东,方,卫,视,春,节
2,0,1,9,湖,南,卫,视,华,人
2,0,1,9,江,苏,卫,视,春,节
2,0,1,9,山,西,卫,视,春,晚
速,度,与,激,情,8
安,娜,・,卡,列,尼,娜,[,高,清,]
奇,异,博,士
谍,影,重,重,1
牛,仔,与,外,星,人
谍,影,重,重,3
宠,物,小,精,灵,：,超,梦,反,击,战
大,象,女,王
小,丑,2,0,1,9
陈,情,令,之,生,魂
查,理,说
醉,酒,夫,妻
德,鲁,纳,酒,店,[,全,集,]
高,材,生
英,雄,联,盟,：,起,源
哥,斯,拉,2,：,怪,兽,之,王,[,左,右,3,D,版,]
双,旗,镇,刀,客
这,条,路,上
上,车,走,吧
优,步,危,机
卡,比,尔,辛,格
刺,杀,肯,尼,迪,[,高,清,]
报,仇,雪,恨
红,琼
冰,天,奇,迹
他,们
侵,入,者
夜,半,歌,声
羊,与,钢,之,森
蝙,蝠,女,侠,[,第,一,季,1,0,]
人,在,�,逋,�,[,高,清,]
动,物,特,工,局
三,傻,大,闹,宝,莱,坞,[,高,清,]
我,不,是,杀,手
传,染,病,[,高,清,]
泰,�,�,[,高,清,]
大,天,蓬
僵,尸,世,界,大,战,[,高,清,]
爱,回,家,之,开,心,速,递
科,比,的,缪,斯
江,湖,儿,女
邻,里,的,人,们
斗,罗,大,陆,动,画,版
白,蛇,：,缘,起
恶,霸,警,察
浪,子,神,探,[,第,一,季,1,1,]
浮,现,[,第,一,季,1,2,]
仁,医,[,第,三,季,1,3,]
绿,箭,[,第,八,季,全,]
无,耻,家,庭,[,第,十,季,全,]
犯,罪,现,场
清,道,夫,[,第,七,季,全,]
维,京,传,奇,[,第,六,季,0,8,]
黑,色,童,话,[,第,二,季,0,8,]
9,9,亿,的,女,人,[,全,集,]
睡,梦,医,生
虎,胆,杀,机
大,明,风,华,[,全,集,]
梦,回,[,全,集,]
复,仇,者,联,盟
权,力,的,游,戏
速,度,与,激,情
行,尸,走,肉
权,利,的,游,戏
蜘,蛛,侠
庆,余,年
鬼,吹,灯
生,活,大,爆,炸
变,形,金,刚
闪,电,侠
战,狼
钢,铁,侠
生,化,危,机
横,财,局,中,局
宠,爱
格,兰,德,岛
白,头,山
半,个,喜,剧
盲,舞
恶,霸,警,察
犯,罪,现,场
邻,里,的,人,们
睡,梦,医,生
爱,回,家,之,开,心,速,递
仁,医,[,第,三,季,1,3,]
新,教,宗,[,第,一,季,0,6,]
奥,斯,曼,帝,国,的,崛,起,[,第,一,季,全,]
局,外,人,[,第,一,季,0,4,]
大,道,五,号,[,第,一,季,0,2,]
无,耻,家,庭,[,第,十,季,全,]
绿,箭,[,第,八,季,全,]
大,酱,园
黄,金,有,罪
T,h,u, ,J,a,n, ,3,0, ,0,9,:,4,7,:,4,6, ,2,0,2,0
